{
    "graph": {
        "adjList": {
            "1": {
                "inEdges": {
                    "4": {
                        "dest": 1,
                        "src": 4,
                        "w": 10
                    }
                },
                "node": {
                    "_id": 1,
                    "_pos": "35.19589389346247,32.10152879327731,0.0",
                    "_tag": 0
                },
                "outEdges": {
                    "2": {
                        "dest": 2,
                        "src": 1,
                        "w": 50
                    },
                    "3": {
                        "dest": 3,
                        "src": 1,
                        "w": 45
                    },
                    "4": {
                        "dest": 4,
                        "src": 1,
                        "w": 10
                    }
                }
            },
            "2": {
                "inEdges": {
                    "1": {
                        "dest": 2,
                        "src": 1,
                        "w": 50
                    },
                    "5": {
                        "dest": 2,
                        "src": 5,
                        "w": 20
                    }
                },
                "node": {
                    "_id": 2,
                    "_pos": "35.19589389346247,32.10152879327731,0.0",
                    "_tag": 0
                },
                "outEdges": {
                    "3": {
                        "dest": 3,
                        "src": 2,
                        "w": 10
                    },
                    "4": {
                        "dest": 4,
                        "src": 2,
                        "w": 15
                    }
                }
            },
            "3": {
                "inEdges": {
                    "1": {
                        "dest": 3,
                        "src": 1,
                        "w": 45
                    },
                    "2": {
                        "dest": 3,
                        "src": 2,
                        "w": 10
                    },
                    "5": {
                        "dest": 3,
                        "src": 5,
                        "w": 35
                    }
                },
                "node": {
                    "_id": 3,
                    "_pos": "35.19589389346247,32.10152879327731,0.0",
                    "_tag": 0
                },
                "outEdges": {
                    "5": {
                        "dest": 5,
                        "src": 3,
                        "w": 30
                    }
                }
            },
            "4": {
                "inEdges": {
                    "1": {
                        "dest": 4,
                        "src": 1,
                        "w": 10
                    },
                    "2": {
                        "dest": 4,
                        "src": 2,
                        "w": 15
                    }
                },
                "node": {
                    "_id": 4,
                    "_pos": "35.19589389346247,32.10152879327731,0.0",
                    "_tag": 0
                },
                "outEdges": {
                    "1": {
                        "dest": 1,
                        "src": 4,
                        "w": 10
                    },
                    "5": {
                        "dest": 5,
                        "src": 4,
                        "w": 15
                    }
                }
            },
            "5": {
                "inEdges": {
                    "3": {
                        "dest": 5,
                        "src": 3,
                        "w": 30
                    },
                    "4": {
                        "dest": 5,
                        "src": 4,
                        "w": 15
                    },
                    "6": {
                        "dest": 5,
                        "src": 6,
                        "w": 3
                    }
                },
                "node": {
                    "_id": 5,
                    "_pos": "35.19589389346247,32.10152879327731,0.0",
                    "_tag": 0
                },
                "outEdges": {
                    "2": {
                        "dest": 2,
                        "src": 5,
                        "w": 20
                    },
                    "3": {
                        "dest": 3,
                        "src": 5,
                        "w": 35
                    },
                    "6": {
                        "dest": 6,
                        "src": 5,
                        "w": 30
                    }
                }
            },
            "6": {
                "inEdges": {
                    "5": {
                        "dest": 6,
                        "src": 5,
                        "w": 30
                    }
                },
                "node": {
                    "_id": 6,
                    "_pos": "35.19589389346247,32.10152879327731,0.0",
                    "_tag": 0
                },
                "outEdges": {
                    "5": {
                        "dest": 5,
                        "src": 6,
                        "w": 3
                    }
                }
            }
        },
        "mc": 0,
        "nodes": {
            "1": {
                "_id": 1,
                "_pos": "35.19589389346247,32.10152879327731,0.0",
                "_tag": 0
            },
            "2": {
                "_id": 2,
                "_pos": "35.19589389346247,32.10152879327731,0.0",
                "_tag": 0
            },
            "3": {
                "_id": 3,
                "_pos": "35.19589389346247,32.10152879327731,0.0",
                "_tag": 0
            },
            "4": {
                "_id": 4,
                "_pos": "35.19589389346247,32.10152879327731,0.0",
                "_tag": 0
            },
            "5": {
                "_id": 5,
                "_pos": "35.19589389346247,32.10152879327731,0.0",
                "_tag": 0
            },
            "6": {
                "_id": 6,
                "_pos": "35.19589389346247,32.10152879327731,0.0",
                "_tag": 0
            }
        }
    }
}